{
	"format_version": "1.12.0",
	"minecraft:geometry": [
		{
			"description": {
				"identifier": "geometry.unknown",
				"texture_width": 64,
				"texture_height": 64,
				"visible_bounds_width": 3,
				"visible_bounds_height": 3.5,
				"visible_bounds_offset": [0, 1.25, 0]
			},
			"bones": [
				{
					"name": "RightArm",
					"pivot": [-3.47488, 19.49893, 3.16078],
					"rotation": [-11, -25, -9],
					"cubes": [
						{
							"origin": [-11.74156, 13.29878, -2.33874],
							"size": [3, 7.5, 3],
							"pivot": [-1.97488, 8.22262, -0.94346],
							"rotation": [-15.98637, 11.31523, 34.40604],
							"uv": {
								"north": {"uv": [15, 34], "uv_size": [2, 5]},
								"east": {"uv": [17, 34], "uv_size": [2, 5]},
								"south": {"uv": [19, 34], "uv_size": [2, 5]},
								"west": {"uv": [34, 33], "uv_size": [2, 5]},
								"up": {"uv": [35, 40], "uv_size": [2, 2]},
								"down": {"uv": [37, 42], "uv_size": [2, -2]}
							}
						}
					]
				},
				{
					"name": "RightHand",
					"parent": "RightArm",
					"pivot": [-7.11426, 12.9627, -1.91261]
				},
				{
					"name": "RightHandLocator",
					"parent": "RightHand",
					"pivot": [-6.21426, 11.4627, -1.91261],
					"rotation": [-32.5, 0, 0]
				},
				{
					"name": "LeftArm",
					"pivot": [-5.12512, 19.49894, -8.63922],
					"rotation": [0, 0, 0],
					"cubes": [
						{
							"origin": [-5.62512, 11.24894, 4.06078],
							"size": [3, 7.5, 3],
							"pivot": [-4.12512, 14.99894, 5.56078],
							"rotation": [-15.98637, -11.31523, -34.40604],
							"uv": {
								"north": {"uv": [30, 33], "uv_size": [2, 5]},
								"east": {"uv": [32, 33], "uv_size": [2, 5]},
								"south": {"uv": [11, 34], "uv_size": [2, 5]},
								"west": {"uv": [13, 34], "uv_size": [2, 5]},
								"up": {"uv": [40, 29], "uv_size": [2, 2]},
								"down": {"uv": [40, 35], "uv_size": [2, -2]}
							}
						}
					]
				},
				{
					"name": "LeftHand",
					"parent": "LeftArm",
					"pivot": [-3.24002, 28.05971, -7.97437]
				},
				{
					"name": "LeftHandLocator",
					"parent": "LeftHand",
					"pivot": [-2.78574, 18.90809, -10.48231],
					"rotation": [-32.5, 0, 0]
				}
			]
		}
	]
}