{
	"format_version": "1.12.0",
	"minecraft:geometry": [
		{
			"description": {
				"identifier": "geometry.unknown",
				"texture_width": 64,
				"texture_height": 64,
				"visible_bounds_width": 3,
				"visible_bounds_height": 3.5,
				"visible_bounds_offset": [0, 1.25, 0]
			},
			"bones": [
				{
					"name": "cat",
					"pivot": [0, -0.3, 0]
				},
				{
					"name": "root",
					"parent": "cat",
					"pivot": [0, -1.3, 0],
					"rotation": [20, 0, 0]
				},
				{
					"name": "UpBody",
					"parent": "root",
					"pivot": [0.23333, 5.27611, 1.78896],
					"cubes": [
						{
							"origin": [-2.8, 7.01102, 0.06397],
							"size": [6, 7, 6],
							"pivot": [0.5, 8.51007, 2.52035],
							"rotation": [-22.5, 0, 0],
							"uv": {
								"north": {"uv": [14, 0], "uv_size": [6, 7]},
								"east": {"uv": [14, 7], "uv_size": [6, 7]},
								"south": {"uv": [14, 14], "uv_size": [6, 7]},
								"west": {"uv": [0, 20], "uv_size": [6, 7]},
								"up": {"uv": [20, 0], "uv_size": [6, 6]},
								"down": {"uv": [6, 26], "uv_size": [6, -6]}
							}
						}
					]
				},
				{
					"name": "bone4",
					"parent": "UpBody",
					"pivot": [-0.1, 13.96073, 5.21957],
					"cubes": [
						{
							"origin": [-2.1, 12.08754, 4.14277],
							"size": [4.5, 4.5, 5],
							"pivot": [-0.1, 18.00141, 6.69025],
							"rotation": [-17.5, 0, 0],
							"uv": {
								"north": {"uv": [0, 27], "uv_size": [4.5, 4.5]},
								"east": {"uv": [26, 0], "uv_size": [5, 4.5]},
								"south": {"uv": [17, 29], "uv_size": [4.5, 4.5]},
								"west": {"uv": [26, 5], "uv_size": [5, 4.5]},
								"up": {"uv": [6, 26], "uv_size": [4.5, 5]},
								"down": {"uv": [26, 15], "uv_size": [4.5, -5]}
							}
						},
						{
							"origin": [-1.1, 16.2737, 5.0484],
							"size": [2.5, 5, 2],
							"pivot": [-0.1, 18.00141, 6.69025],
							"rotation": [-5, 0, 0],
							"uv": {
								"north": {"uv": [0, 32], "uv_size": [2.5, 5]},
								"east": {"uv": [9, 31], "uv_size": [2, 5]},
								"south": {"uv": [32, 14], "uv_size": [2.5, 5]},
								"west": {"uv": [3, 32], "uv_size": [2, 5]},
								"up": {"uv": [39, 5], "uv_size": [2.5, 2]},
								"down": {"uv": [11, 41], "uv_size": [2.5, -2]}
							}
						}
					]
				},
				{
					"name": "Arm",
					"parent": "UpBody",
					"pivot": [0, 7.68823, 2.69548]
				},
				{
					"name": "LeftArm",
					"parent": "Arm",
					"pivot": [2.87488, 8.12661, 2.75076],
					"cubes": [
						{
							"origin": [0.77755, 4.39004, 2.28633],
							"size": [2, 5, 2],
							"pivot": [3.83999, 9.7881, 2.72303],
							"rotation": [-15.98637, -11.31523, -34.40604],
							"uv": {
								"north": {"uv": [30, 33], "uv_size": [2, 5]},
								"east": {"uv": [32, 33], "uv_size": [2, 5]},
								"south": {"uv": [11, 34], "uv_size": [2, 5]},
								"west": {"uv": [13, 34], "uv_size": [2, 5]},
								"up": {"uv": [40, 29], "uv_size": [2, 2]},
								"down": {"uv": [40, 35], "uv_size": [2, -2]}
							}
						}
					]
				},
				{
					"name": "LeftHand",
					"parent": "LeftArm",
					"pivot": [3.83999, 9.7881, 2.72303]
				},
				{
					"name": "LeftHandLocator",
					"parent": "LeftHand",
					"pivot": [4.14284, 3.68702, 1.05107],
					"rotation": [-32.5, 0, 0]
				},
				{
					"name": "RightArm",
					"parent": "Arm",
					"pivot": [-2.47488, 8.12661, 2.75076],
					"cubes": [
						{
							"origin": [-3.10837, 3.42085, 1.73331],
							"size": [2, 5, 2],
							"pivot": [-2.47488, 8.12661, 2.75076],
							"rotation": [-15.98637, 11.31523, 34.40604],
							"uv": {
								"north": {"uv": [15, 34], "uv_size": [2, 5]},
								"east": {"uv": [17, 34], "uv_size": [2, 5]},
								"south": {"uv": [19, 34], "uv_size": [2, 5]},
								"west": {"uv": [34, 33], "uv_size": [2, 5]},
								"up": {"uv": [35, 40], "uv_size": [2, 2]},
								"down": {"uv": [37, 42], "uv_size": [2, -2]}
							}
						}
					]
				},
				{
					"name": "RightHand",
					"parent": "RightArm",
					"pivot": [-4.74284, 4.68702, 1.05107]
				},
				{
					"name": "RightHandLocator",
					"parent": "RightHand",
					"pivot": [-4.14284, 3.68702, 1.05107],
					"rotation": [-32.5, 0, 0]
				},
				{
					"name": "bone",
					"parent": "UpBody",
					"pivot": [0.15927, 7.55048, 2.70079],
					"cubes": [
						{
							"origin": [-2.6, 6.89639, -2.845],
							"size": [5.5, 4, 5],
							"pivot": [0.15688, 5.53795, -1.0793],
							"rotation": [-56.5, 0, 0],
							"uv": {
								"north": {"uv": [11, 26], "uv_size": [5.5, 4]},
								"east": {"uv": [22, 29], "uv_size": [5, 4]},
								"south": {"uv": [26, 15], "uv_size": [5.5, 4]},
								"west": {"uv": [27, 29], "uv_size": [5, 4]},
								"up": {"uv": [20, 6], "uv_size": [5.5, 5]},
								"down": {"uv": [20, 16], "uv_size": [5.5, -5]}
							}
						}
					]
				},
				{
					"name": "bone7",
					"parent": "bone",
					"pivot": [0.15688, 5.02492, 0.33024],
					"cubes": [
						{
							"origin": [-2.08784, 4.36214, -2.9593],
							"size": [4.5, 4, 4],
							"pivot": [0.15688, 5.53795, -1.0793],
							"rotation": [-76.50606, -0.10477, 0.0324],
							"uv": {
								"north": {"uv": [11, 30], "uv_size": [4.5, 4]},
								"east": {"uv": [5, 31], "uv_size": [4, 4]},
								"south": {"uv": [30, 19], "uv_size": [4.5, 4]},
								"west": {"uv": [31, 8], "uv_size": [4, 4]},
								"up": {"uv": [31, 0], "uv_size": [4.5, 4]},
								"down": {"uv": [31, 8], "uv_size": [4.5, -4]}
							}
						},
						{
							"origin": [-1.09138, 2.21312, -1.61264],
							"size": [2.5, 1, 2],
							"pivot": [0.15688, 5.53795, -1.0793],
							"rotation": [-96.50606, -0.10477, 0.0324],
							"uv": {
								"north": {"uv": [41, 12], "uv_size": [2.5, 1]},
								"east": {"uv": [12, 20], "uv_size": [2, 1]},
								"south": {"uv": [13, 41], "uv_size": [2.5, 1]},
								"west": {"uv": [41, 13], "uv_size": [2, 1]},
								"up": {"uv": [14, 39], "uv_size": [2.5, 2]},
								"down": {"uv": [17, 41], "uv_size": [2.5, -2]}
							}
						},
						{
							"origin": [-1.58981, 3.14467, -2.12318],
							"size": [3.5, 2, 3],
							"pivot": [0.15688, 5.53795, -1.0793],
							"rotation": [-96.50606, -0.10477, 0.0324],
							"uv": {
								"north": {"uv": [26, 19], "uv_size": [3.5, 2]},
								"east": {"uv": [37, 17], "uv_size": [3, 2]},
								"south": {"uv": [36, 33], "uv_size": [3.5, 2]},
								"west": {"uv": [38, 3], "uv_size": [3, 2]},
								"up": {"uv": [22, 33], "uv_size": [3.5, 3]},
								"down": {"uv": [26, 36], "uv_size": [3.5, -3]}
							}
						}
					]
				},
				{
					"name": "bone2",
					"parent": "UpBody",
					"pivot": [0, 12.60886, 1.12073]
				},
				{
					"name": "Mouth1",
					"parent": "bone2",
					"pivot": [0.20286, 10.39794, 0.86815],
					"rotation": [-17.5, 0, 0],
					"cubes": [
						{
							"origin": [-0.39701, 10.82338, 0.84315],
							"size": [0.4, 0.075, 0.05],
							"pivot": [-0.16622, 9.86749, 0.80289],
							"rotation": [0, 0, -56],
							"uv": {
								"north": {"uv": [23, 42], "uv_size": [0.5, 0.5]},
								"east": {"uv": [24, 42], "uv_size": [0.5, 0.5]},
								"south": {"uv": [25, 42], "uv_size": [0.5, 0.5]},
								"west": {"uv": [26, 42], "uv_size": [0.5, 0.5]},
								"up": {"uv": [27, 42], "uv_size": [0.5, 0.5]},
								"down": {"uv": [28, 42.5], "uv_size": [0.5, -0.5]}
							}
						},
						{
							"origin": [-0.29701, 10.67338, 0.84315],
							"size": [0.4, 0.075, 0.05],
							"pivot": [-0.16622, 9.86749, 0.80289],
							"rotation": [0, 0, -56],
							"uv": {
								"north": {"uv": [29, 42], "uv_size": [0.5, 0.5]},
								"east": {"uv": [42, 29], "uv_size": [0.5, 0.5]},
								"south": {"uv": [30, 42], "uv_size": [0.5, 0.5]},
								"west": {"uv": [42, 30], "uv_size": [0.5, 0.5]},
								"up": {"uv": [31, 42], "uv_size": [0.5, 0.5]},
								"down": {"uv": [32, 42.5], "uv_size": [0.5, -0.5]}
							}
						},
						{
							"origin": [0.85689, 8.96788, 0.84315],
							"size": [0.4, 0.075, 0.05],
							"pivot": [-0.16622, 9.86749, 0.80289],
							"rotation": [0, 0, -56],
							"uv": {
								"north": {"uv": [33, 42], "uv_size": [0.5, 0.5]},
								"east": {"uv": [42, 33], "uv_size": [0.5, 0.5]},
								"south": {"uv": [34, 42], "uv_size": [0.5, 0.5]},
								"west": {"uv": [42, 34], "uv_size": [0.5, 0.5]},
								"up": {"uv": [35, 42], "uv_size": [0.5, 0.5]},
								"down": {"uv": [36, 42.5], "uv_size": [0.5, -0.5]}
							}
						},
						{
							"origin": [0.95689, 8.81788, 0.84315],
							"size": [0.4, 0.075, 0.05],
							"pivot": [-0.16622, 9.86749, 0.80289],
							"rotation": [0, 0, -56],
							"uv": {
								"north": {"uv": [37, 42], "uv_size": [0.5, 0.5]},
								"east": {"uv": [42, 37], "uv_size": [0.5, 0.5]},
								"south": {"uv": [38, 42], "uv_size": [0.5, 0.5]},
								"west": {"uv": [42, 38], "uv_size": [0.5, 0.5]},
								"up": {"uv": [39, 42], "uv_size": [0.5, 0.5]},
								"down": {"uv": [42, 39.5], "uv_size": [0.5, -0.5]}
							}
						},
						{
							"origin": [1.05689, 8.66788, 0.84315],
							"size": [0.4, 0.075, 0.05],
							"pivot": [-0.16622, 9.86749, 0.80289],
							"rotation": [0, 0, -56],
							"uv": {
								"north": {"uv": [40, 42], "uv_size": [0.5, 0.5]},
								"east": {"uv": [42, 40], "uv_size": [0.5, 0.5]},
								"south": {"uv": [41, 42], "uv_size": [0.5, 0.5]},
								"west": {"uv": [42, 42], "uv_size": [0.5, 0.5]},
								"up": {"uv": [0, 43], "uv_size": [0.5, 0.5]},
								"down": {"uv": [43, 0.5], "uv_size": [0.5, -0.5]}
							}
						},
						{
							"origin": [-0.49701, 10.97338, 0.84315],
							"size": [0.4, 0.075, 0.05],
							"pivot": [-0.16622, 9.86749, 0.80289],
							"rotation": [0, 0, -56],
							"uv": {
								"north": {"uv": [1, 43], "uv_size": [0.5, 0.5]},
								"east": {"uv": [43, 1], "uv_size": [0.5, 0.5]},
								"south": {"uv": [2, 43], "uv_size": [0.5, 0.5]},
								"west": {"uv": [43, 2], "uv_size": [0.5, 0.5]},
								"up": {"uv": [3, 43], "uv_size": [0.5, 0.5]},
								"down": {"uv": [43, 3.5], "uv_size": [0.5, -0.5]}
							}
						}
					]
				},
				{
					"name": "Face",
					"parent": "bone2",
					"pivot": [0.5, 9.40805, 3.18641],
					"cubes": [
						{
							"origin": [-2.5, 8.30853, -0.29178],
							"size": [5.5, 5, 2],
							"pivot": [0.5, 9.40805, 3.18641],
							"rotation": [-22.5, 0, 0],
							"uv": {
								"north": {"uv": [20, 16], "uv_size": [5.5, 5]},
								"east": {"uv": [5, 35], "uv_size": [2, 5]},
								"south": {"uv": [12, 21], "uv_size": [5.5, 5]},
								"west": {"uv": [7, 35], "uv_size": [2, 5]},
								"up": {"uv": [31, 25], "uv_size": [5.5, 2]},
								"down": {"uv": [31, 29], "uv_size": [5.5, -2]}
							}
						},
						{
							"origin": [0.62329, 8.89934, -0.36308],
							"size": [1, 0.4, 1],
							"pivot": [0.5, 9.40805, 3.18641],
							"rotation": [0, 22.5, 90],
							"uv": {
								"north": {"uv": [4, 41], "uv_size": [1, 0.5]},
								"east": {"uv": [8, 41], "uv_size": [1, 0.5]},
								"south": {"uv": [20, 41], "uv_size": [1, 0.5]},
								"west": {"uv": [8, 42], "uv_size": [1, 0.5]},
								"up": {"uv": [30, 25], "uv_size": [1, 1]},
								"down": {"uv": [31, 15], "uv_size": [1, -1]}
							}
						},
						{
							"origin": [-0.225, 8.27737, -0.35778],
							"size": [0.85, 0.3, 1],
							"pivot": [0.5, 9.40805, 3.18641],
							"rotation": [-22.5, 0, 0],
							"uv": {
								"north": {"uv": [42, 9], "uv_size": [1, 0.5]},
								"east": {"uv": [42, 10], "uv_size": [1, 0.5]},
								"south": {"uv": [42, 11], "uv_size": [1, 0.5]},
								"west": {"uv": [13, 42], "uv_size": [1, 0.5]},
								"up": {"uv": [29, 36], "uv_size": [1, 1]},
								"down": {"uv": [29, 38], "uv_size": [1, -1]}
							}
						},
						{
							"origin": [-0.3, 8.99715, -0.45241],
							"size": [1, 0.5, 1],
							"pivot": [0.5, 9.40805, 3.18641],
							"rotation": [-22.5, 0, 0],
							"uv": {
								"north": {"uv": [14, 42], "uv_size": [1, 0.5]},
								"east": {"uv": [15, 42], "uv_size": [1, 0.5]},
								"south": {"uv": [16, 42], "uv_size": [1, 0.5]},
								"west": {"uv": [17, 42], "uv_size": [1, 0.5]},
								"up": {"uv": [35, 38], "uv_size": [1, 1]},
								"down": {"uv": [39, 8], "uv_size": [1, -1]}
							}
						}
					]
				},
				{
					"name": "bone3",
					"parent": "Face",
					"pivot": [0.21667, 10.63936, 1.61556],
					"cubes": [
						{
							"origin": [-2, 7.8556, 0.50909],
							"size": [4.4, 1.5, 1],
							"pivot": [6.5, 9.06603, 4.1261],
							"rotation": [-22.5, 0, 0],
							"uv": {
								"north": {"uv": [36, 35], "uv_size": [4.5, 1.5]},
								"east": {"uv": [16, 30], "uv_size": [1, 1.5]},
								"south": {"uv": [0, 37], "uv_size": [4.5, 1.5]},
								"west": {"uv": [16, 32], "uv_size": [1, 1.5]},
								"up": {"uv": [40, 27], "uv_size": [4.5, 1]},
								"down": {"uv": [40, 29], "uv_size": [4.5, -1]}
							}
						},
						{
							"origin": [-0.3, 9.35446, 0.45675],
							"size": [1, 0.5, 1],
							"pivot": [6.5, 9.06603, 4.1261],
							"rotation": [-22.5, 0, 0],
							"uv": {
								"north": {"uv": [18, 42], "uv_size": [1, 0.5]},
								"east": {"uv": [19, 42], "uv_size": [1, 0.5]},
								"south": {"uv": [20, 42], "uv_size": [1, 0.5]},
								"west": {"uv": [42, 22], "uv_size": [1, 0.5]},
								"up": {"uv": [20, 39], "uv_size": [1, 1]},
								"down": {"uv": [35, 40], "uv_size": [1, -1]}
							}
						},
						{
							"origin": [-2.5, 7.96651, 0.64791],
							"size": [5.5, 5, 2],
							"pivot": [6.5, 9.06603, 4.1261],
							"rotation": [-22.5, 0, 0],
							"uv": {
								"north": {"uv": [18, 21], "uv_size": [5.5, 5]},
								"east": {"uv": [35, 14], "uv_size": [2, 5]},
								"south": {"uv": [24, 21], "uv_size": [5.5, 5]},
								"west": {"uv": [36, 0], "uv_size": [2, 5]},
								"up": {"uv": [32, 29], "uv_size": [5.5, 2]},
								"down": {"uv": [32, 33], "uv_size": [5.5, -2]}
							}
						}
					]
				},
				{
					"name": "yanlei",
					"parent": "bone3",
					"pivot": [3.65, 7.60893, 0.44617]
				},
				{
					"name": "bone6",
					"parent": "yanlei",
					"pivot": [-3.05, 7.60893, 0.44617],
					"cubes": [
						{
							"origin": [-8.5, 1.45297, 0.58844],
							"size": [6.5, 9.5, 1],
							"pivot": [6.5, 9.06603, 4.1261],
							"rotation": [-22.5, 0, 0],
							"uv": {
								"north": {"uv": [0, 0], "uv_size": [6.5, 9.5]},
								"east": {"uv": [21, 34], "uv_size": [1, 9.5]},
								"south": {"uv": [7, 0], "uv_size": [6.5, 9.5]},
								"west": {"uv": [9, 36], "uv_size": [1, 9.5]},
								"up": {"uv": [35, 22], "uv_size": [6.5, 1]},
								"down": {"uv": [37, 15], "uv_size": [6.5, -1]}
							}
						}
					]
				},
				{
					"name": "bone5",
					"parent": "yanlei",
					"pivot": [3.65, 7.60893, 0.44617],
					"cubes": [
						{
							"origin": [2.5, 1.45297, 0.58844],
							"size": [6.5, 9.5, 1],
							"pivot": [-6.5, 9.06603, 4.1261],
							"rotation": [-22.5, 0, 0],
							"uv": {
								"north": {"uv": [0, 10], "uv_size": [6.5, 9.5]},
								"east": {"uv": [10, 36], "uv_size": [1, 9.5]},
								"south": {"uv": [7, 10], "uv_size": [6.5, 9.5]},
								"west": {"uv": [22, 36], "uv_size": [1, 9.5]},
								"up": {"uv": [37, 15], "uv_size": [6.5, 1]},
								"down": {"uv": [37, 17], "uv_size": [6.5, -1]}
							}
						}
					]
				},
				{
					"name": "DownBody",
					"parent": "root",
					"pivot": [1.7, 5.02883, 1.59427]
				},
				{
					"name": "RightLeg",
					"parent": "DownBody",
					"pivot": [-1.4, 5.02883, 1.59427],
					"cubes": [
						{
							"origin": [-2.5, 1.76944, 1.56008],
							"size": [2.2, 3, 2.5],
							"pivot": [0, 8.61267, 2.23845],
							"rotation": [-19.5, 0, 0],
							"uv": {
								"north": {"uv": [38, 19], "uv_size": [2, 3]},
								"east": {"uv": [35, 19], "uv_size": [2.5, 3]},
								"south": {"uv": [29, 38], "uv_size": [2, 3]},
								"west": {"uv": [36, 5], "uv_size": [2.5, 3]},
								"up": {"uv": [23, 39], "uv_size": [2, 2.5]},
								"down": {"uv": [25, 41.5], "uv_size": [2, -2.5]}
							}
						},
						{
							"origin": [-2.6, -0.49712, 1.39441],
							"size": [2.4, 2, 2.7],
							"pivot": [-0.5, 8.33906, 2.9902],
							"rotation": [-19.5, 0, 0],
							"uv": {
								"north": {"uv": [39, 37], "uv_size": [2.5, 2]},
								"east": {"uv": [39, 39], "uv_size": [2.5, 2]},
								"south": {"uv": [5, 40], "uv_size": [2.5, 2]},
								"west": {"uv": [40, 7], "uv_size": [2.5, 2]},
								"up": {"uv": [37, 23], "uv_size": [2.5, 2.5]},
								"down": {"uv": [37, 28.5], "uv_size": [2.5, -2.5]}
							}
						}
					]
				},
				{
					"name": "LeftLeg",
					"parent": "DownBody",
					"pivot": [1.7, 5.02883, 1.59427],
					"cubes": [
						{
							"origin": [0.6, 1.50281, 1.51186],
							"size": [2.2, 3, 2.5],
							"pivot": [0.5, 8.33906, 2.9902],
							"rotation": [-19.5, 0, 0],
							"uv": {
								"north": {"uv": [38, 29], "uv_size": [2, 3]},
								"east": {"uv": [23, 36], "uv_size": [2.5, 3]},
								"south": {"uv": [31, 38], "uv_size": [2, 3]},
								"west": {"uv": [26, 36], "uv_size": [2.5, 3]},
								"up": {"uv": [27, 39], "uv_size": [2, 2.5]},
								"down": {"uv": [40, 11.5], "uv_size": [2, -2.5]}
							}
						},
						{
							"origin": [0.5, -0.49712, 1.39441],
							"size": [2.4, 2, 2.7],
							"pivot": [0.5, 8.33906, 2.9902],
							"rotation": [-19.5, 0, 0],
							"uv": {
								"north": {"uv": [40, 17], "uv_size": [2.5, 2]},
								"east": {"uv": [40, 19], "uv_size": [2.5, 2]},
								"south": {"uv": [40, 23], "uv_size": [2.5, 2]},
								"west": {"uv": [40, 25], "uv_size": [2.5, 2]},
								"up": {"uv": [36, 37], "uv_size": [2.5, 2.5]},
								"down": {"uv": [38, 2.5], "uv_size": [2.5, -2.5]}
							}
						}
					]
				},
				{
					"name": "aixin",
					"pivot": [0.2, 5.66667, -5],
					"cubes": [
						{
							"origin": [-3.3, 5, -6],
							"size": [7, 3, 2],
							"uv": {
								"north": {"uv": [17, 26], "uv_size": [7, 3]},
								"east": {"uv": [33, 38], "uv_size": [2, 3]},
								"south": {"uv": [24, 26], "uv_size": [7, 3]},
								"west": {"uv": [0, 39], "uv_size": [2, 3]},
								"up": {"uv": [30, 23], "uv_size": [7, 2]},
								"down": {"uv": [31, 14], "uv_size": [7, -2]}
							}
						},
						{
							"origin": [0.7, 8, -6],
							"size": [2, 1, 2],
							"uv": {
								"north": {"uv": [16, 41], "uv_size": [2, 1]},
								"east": {"uv": [18, 41], "uv_size": [2, 1]},
								"south": {"uv": [29, 41], "uv_size": [2, 1]},
								"west": {"uv": [31, 41], "uv_size": [2, 1]},
								"up": {"uv": [41, 0], "uv_size": [2, 2]},
								"down": {"uv": [2, 43], "uv_size": [2, -2]}
							}
						},
						{
							"origin": [-2.3, 4, -6],
							"size": [5, 1, 2],
							"uv": {
								"north": {"uv": [38, 32], "uv_size": [5, 1]},
								"east": {"uv": [41, 41], "uv_size": [2, 1]},
								"south": {"uv": [40, 21], "uv_size": [5, 1]},
								"west": {"uv": [0, 42], "uv_size": [2, 1]},
								"up": {"uv": [35, 8], "uv_size": [5, 2]},
								"down": {"uv": [35, 12], "uv_size": [5, -2]}
							}
						},
						{
							"origin": [-1.3, 3, -6],
							"size": [3, 1, 2],
							"uv": {
								"north": {"uv": [40, 31], "uv_size": [3, 1]},
								"east": {"uv": [4, 42], "uv_size": [2, 1]},
								"south": {"uv": [41, 4], "uv_size": [3, 1]},
								"west": {"uv": [42, 5], "uv_size": [2, 1]},
								"up": {"uv": [38, 12], "uv_size": [3, 2]},
								"down": {"uv": [2, 41], "uv_size": [3, -2]}
							}
						},
						{
							"origin": [-0.3, 2, -6],
							"size": [1, 1, 2],
							"uv": {
								"north": {"uv": [8, 40], "uv_size": [1, 1]},
								"east": {"uv": [6, 42], "uv_size": [2, 1]},
								"south": {"uv": [20, 40], "uv_size": [1, 1]},
								"west": {"uv": [42, 6], "uv_size": [2, 1]},
								"up": {"uv": [5, 27], "uv_size": [1, 2]},
								"down": {"uv": [5, 31], "uv_size": [1, -2]}
							}
						},
						{
							"origin": [-2.3, 8, -6],
							"size": [2, 1, 2],
							"uv": {
								"north": {"uv": [33, 41], "uv_size": [2, 1]},
								"east": {"uv": [41, 35], "uv_size": [2, 1]},
								"south": {"uv": [41, 36], "uv_size": [2, 1]},
								"west": {"uv": [39, 41], "uv_size": [2, 1]},
								"up": {"uv": [41, 2], "uv_size": [2, 2]},
								"down": {"uv": [11, 43], "uv_size": [2, -2]}
							}
						}
					]
				}
			]
		}
	]
}